model_id, model_label
0, Audi A3 hatchback
1, Audi A4L
2, Audi A6L
3, Audi Q3
4, Audi Q5
5, Audi A6
6, Audi A3 sedan
7, Audi RS5
8, Audi RS7
9, Audi RS4
10, Audi RS Q3
11, Audi RS3
12, Audi TT RS
13, Audi RS6
14, Audi A1
15, Audi A4 estate
16, Audi A5 convertible
17, Audi A5 coupe
18, Audi A5 hatchback
19, Audi A6 hybrid
20, Audi A7
21, Audi A8L
22, Audi A8L hybrid
23, Audi Q5 hybrid
24, Audi Q7
25, Audi R8
26, Audi S5 convertible
27, Audi S5 coupe
28, Audi S5 hatchback
29, Audi S7
30, Audi S8
31, Audi SQ5
32, Audi TTS convertible
33, Audi TTS coupe
34, Audi TT convertible
35, Audi TT coupe
36, Audi A2
37, Audi quattro
38, Audi Urban
39, Audi Cross
40, Audi e-tron
41, Audi S3 hatchback
42, Audi R18
43, Audi A3 convertible
44, Audi A3 e-tron
45, Audi S1
46, Allroad
47, Crosslane Coupe
48, Audi S3 sedan
49, Audi S4
50, Nanuk
51, Audi TT offroad
52, Audi S3 convertible
53, BWM 3 Series
54, BWM X1
55, BWM 5 Series
56, BWM 1 Series M
57, BWM M3 coupe
58, BWM M3
59, BWM M4 coupe
60, BWM M5
61, BWM M6 coupe
62, BWM M6
63, BWM X5 M
64, BWM X6 M
65, BWM M3 convertible
66, BWM 1 Series convertible
67, BWM 1 Series couple
68, BWM 2 Series
69, BWM 3 Series GT
70, BWM 3 Series convertible
71, BWM 3 Series hybrid
72, BWM 3 Series estate
73, BWM 3 Series coupe
74, BWM 4 Series convertible
75, BWM 4 Series couple
76, BWM 4 Series
77, BWM 5 Series GT
78, BWM 5 Series hybrid
79, BWM 5 Series estate
80, BWM 6 Series convertible
81, BWM 6 Series couple
82, BWM 6 Series
83, BWM 7 Series
84, BWM 7 Series hybrid
85, BWM X3
86, BWM X4
87, BWM X5
88, BWM X6
89, BWM X6 Series hybrid
90, BWM Z4
91, BWM i3
92, BWM i8
93, ConnectedDrive
94, EfficientDynamics
95, Active Tourer
96, Isetta
97, BWM 1 Series hatchback
98, Zagato Coupe
99, Gran Lusso
100, BWM GINA
101, BWM 2 Series Active Tourer
102, Vision Future Luxury
103, Benz C Class
104, Benz C Class hybird
105, Benz GLK Class
106, Benz E Class
107, Benz A Class AMG
108, Benz CLS Class AMG
109, Benz C Class AMG
110, Benz GL Class AMG
111, Benz G Class AMG
112, Benz M Class AMG
113, Benz SLK Class AMG
114, Benz SLS Class AMG
115, Benz SL Class AMG
116, Benz S Class AMG
117, Benz E Class AMG
118, Benz CL Class AMG
119, Benz GLA Class AMG
120, Benz Vision AMG
121, AMG GT
122, Benz CLA Class AMG
123, Sprinter
124, Wei Yanuo
125, Wei Ting
126, Benz A Class
127, Benz CLA Class
128, Benz CLS Class
129, Benz CLS Class Shooting Brake
130, Benz C Class estate
131, Benz E Class convertible
132, Benz E Class couple
133, Benz GL Class
134, Benz G Class
135, Benz M Class
136, Benz R Class
137, Benz SLK Class
138, Benz SL Class
139, Benz S Class
140, Benz S Class hybird
141, Sprinter abroad version
142, Style Coupe
143, BlueZero
144, Benz Citan
145, Benz F800
146, Benz F125
147, Benz GLA Class
148, Benz E Class estate
149, Biome
150, Silver Arrow
151, Benz S Class coupe
152, Coupe SUV
153, Benz B Class
154, Ener-G-Force
155, Benz V Class
156, Unimog
157, encore
158, Buick GL8 Luxury Business
159, Buick GL8 Business
160, Regal
161, Regal GS
162, Lacrosse
163, Lacrosse eAssist
164, Exclle
165, Park Avenue
166, EXCELLE  GT
167, EXCELLE  XT
168, Buick Riviera
169, Envision
170, Enclave
171, Buick Encore
172, Buick Business
173, Buick Verano
174, Envision abroad version
175, Odyssey
176, City
177, Crosstour
178, Crider
179, Accord
180, Vezel
181, Fit
182, Honda CR-Z
183, Fit hybrid
184, Civic hybrid
185, Honda Legend
186, Honda S2000
187, Honda Urban
188, Honda Gear
189, Honda NSX
190, Honda CONCEPT M
191, Honda EV-Ster
192, Honda Ridgeline
193, Honda Step Bus
194, Honda AC-x
195, Honda FCX
196, Honda HSV-010 GT
197, Honda N BOX
198, Honda ONE
199, Honda P-NUT
200, Honda SUT
201, Honda Brio
202, Honda S660
203, Honda N-WGN
204, Honda HR-V
205, Honda Insight
206, Elysion
207, Jade
208, Spirior
209, Civic
210, Honda CR-V
211, CROSS 207
212, Peugeot 2008
213, Peugeot 207 hatchback
214, Peugeot 207 sedan
215, Peugeot 3008
216, Peugeot 301
217, Peugeot 307 hatchback
218, Peugeot 307 sedan
219, Peugeot 308
220, Peugeot 408
221, Peugeot 508
222, CROSS 307
223, Peugeot 207CC
224, Peugeot 308SW
225, Peugeot 4008
226, Peugeot RCZ
227, Peugeot 107
228, Peugeot 508 abroad version
229, Peugeot 208
230, Peugeot 308 abroad version
231, Urban Crossover
232, Peugeot 5008
233, Peugeot BB1
234, Peugeot EX1
235, Peugeot HR1
236, Peugeot HX1
237, Peugeot iON
238, Peugeot Onyx
239, Peugeot SR1
240, Peugeot SXC
241, Peugeot 108
242, EXALT
243, Peugeot 308CC
244, BYD F0
245, BYD F3DM
246, BYD F3R
247, BYD F6
248, BYD G3
249, BYD G3R
250, BYD G5
251, BYD G6
252, BYD L3
253, BYD M6
254, BYD S6
255, BYD S7
256, BYD e6
257, Qin
258, Si Rui
259, Su Rui
260, BYD F3
261, Boxster
262, Macan
263, Panamera
264, Panamera hybrid
265, Porsche 911
266, Porsche 918
267, Canyenne
268, Canyenne hybrid
269, Carrera GT
270, Porsche 917
271, Porsche 919
272, Cayman
273, BAW BJ40
274, BAW E Series sedan 
275, BAW C60
276, BAW C71
277, BAW B61
278, BAW C30
279, BAW C90L
280, BAW C51X
281, BAW T60
282, concept500
283, concept900
284, BAW B90
285, BAW C50E
286, BAW E Series hatchback
287, Baojun 610
288, Baojun 630
289, Baojun 730
290, Lechi
291, Baojun 610 CROSS
292, Huansu S2
293, Huansu S3
294, Weiwang 205
295, Weiwang 307
296, Weiwang M20
297, Weiwang 306
298, BAW E150 EV
299, BJ212
300, Luba
301, Luling
302, Qishi
303, Ruiling
304, Yongshi
305, Yusheng 007
306, Yueling
307, Juedoushi
308, Besturn B50
309, Besturn B90
310, Besturn X80
311, Besturn B70
312, Flying Spur
313, Super Sport
314, Bentley Falcon
315, Brooklands
316, Arnage
317, Mulsanne
318, Veyron
319, Galibier
320, Great Wall C20R
321, Great Wall C50
322, Great Wall M1
323, Great Wall M2
324, Great Wall M4
325, Great Wall V80
326, Wingle 3
327, Wingle 5
328, Wingle 6
329, Jindier
330, Jingling
331, Kuxiong
332, Lingao
333, Xuanli
334, Xuanli CROSS
335, Oula
336, Great Wall C70
337, Great Wall C30
338, Benben
339, Benben MINI
340, Changan CS35
341, Changan CS75
342, Changan CX20
343, Changan CS30 hatchback
344, Changan CS30 sedan
345, Yidong
346, Yuexiang V3
347, Yuexiang V5
348, Yuexiang hatchback
349, Yuexiang sedan
350, Zhishang XT
351, Ruiping
352, Zhixiang
353, Changan SENSE
354, Changan CS95
355, Changan VOSS
356, Benben LOVE
357, Changan Ounuo
358, Changan Xiaoka
359, Changan Xingka
360, Changan Star
361, Changan Star 7
362, Changan Star S460
363, Oulove
364, Zunxing
365, Ruixing
366, Changan Shenqi
367, Ideal
368, Funyun
369, Furuida
370, Cross Polo
371, Polo hatchback
372, Polo sedan
373, GOL
374, Cross Lavida
375, Gran Lavida
376, Lavide
377, Passat
378, Passat Lingyu
379, Santana
380, Santana Vista
381, Touran
382, Tiguan
383, NMC
384, Polo GTI
385, Cross Golf
386, Volkswagen Eos
387, Volkswagen R36
388, Golf GTI convertible 
389, Golf R
390, Golf R convertible 
391, Golf convertible 
392, Golf estate
393, Phaeton
394, Beetle
395, Caravelle
396, Multivan
397, Magotan estate
398, Scirocco
399, Scirocco R
400, Touareg
401, Touareg hybrid
402, Sharan
403, Polo abroad version
404, BlueSport
405, Beetle convertible
406, Variant
407, Amarok Pickup
408, Cross Coupe
409, E-Bugster
410, Passat abroad version
411, CrossBlue
412, Volkswagen XL1
413, Bulli
414, Buggy Up
415, Jetta abroad version
416, New Compact
417, Routan
418, Taigun
419, Volkswagen  Up!Lite
420, T-ROC
421, Tiguan abroad version
422, e-Co-Motion
423, Milano
424, Nils
425, Space Up
426, Volkswagen up
427, Volkswagen Fox
428, Caddy abroad version
429, Bora
430, Golf
431, Golf GTI
432, Jetta
433, Magotan
434, Sagitar
435, Sagitar GLI
436, Volkswagen CC
437, DS 5
438, DS 6
439, DS 5LS
440, DS 3
441, DS Wild Rubis
442, DS 9
443, DS 4
444, Ram
445, Journey
446, Challenger 
447, Durango
448, Avenger
449, Dart
450, Charger
451, Viper
452, Circuit EV
453, Rampage
454, Dodge M80
455, Nitro
456, Charger SRT
457, Challenger SRT
458, Viper SRT
459, Caliber
460, V3 Lingyue
461, V6 Lingyue
462, Delica
463, Xiwang
464, Northeast V4
465, Northeast V7
466, V5 Lingzhi
467, Junfeng CV03
468, Dongfeng HUV
469, Yufeng
470, Fengxing CM7
471, Jingyi S50
472, Jingyi SUV
473, Jingyi X3
474, Jingyi X5
475, Lingzhi
476, Jingyi
477, Fengshen A30
478, Fengshen CROSS
479, Fengshen H30
480, Fengshen S30
481, Fengshen E30L
482, Fengshen A60
483, Ruiqi Pickup
484, Ruiqi Cargo
485, Shuaike
486, Yuxuan
487, Junfeng
488, DFSK C37
489, DFSK K07
490, DFSK K07II
491, DFSK V07S
492, DFSK V21
493, DFSK V27
494, DFSK V29
495, Fengguang
496, DFSK V22
497, escort
498, Fiesta sedan
499, Classic Focus hatchback
500, Classic Focus sedan
501, S-MAX
502, New Focus hatchback
503, New Focus sedan
504, Ecosport
505, Kuga
506, Mendeo Zhisheng
507, Mendeo
508, Fiesta hatchback
509, Transit
510, Focus ST
511, Ford F-150
512, Ford F-250
513, Ford F-350
514, Ford F-650
515, Fiesta ST
516, Edge
517, Explorer
518, Mustang
519, Ford Ka
520, Ford Flex
521, Ford iosis max
522, Ford Taurus
523, Ford Fusion
524, Atlas
525, Ford Transit
526, Ford B-MAX
527, Ford C-MAX
528, Escort
529, Airstream
530, Falcon
531, Galaxy
532, Ranger
533, Territory
534, Tourneo Courier
535, Tourneo Custom
536, Vertrek
537, Ford Evos
538, S-MAX abroad version
539, Fiesta abroad version
540, Expedition
541, Super Duty
542, Focus abroad version
543, Troller
544, Ford E
545, Formula
546, Taurus
547, Feixiang
548, Zhiyue
549, Palio
550, Bravo
551, FIAT 500C
552, Freemont 
553, Linea
554, Punto
555, FIAT Fiorino Qubo
556, Doblo
557, FIAT 500L
558, FIAT Idea
559, FIAT Panda
560, FIAT Strada
561, FIAT Uno
562, FIAT 126P
563, FIAT 500
564, California
565, Ferrari 458
566, Ferrari 599
567, Ferrari FF
568, LaFerrari
569, Sergio
570, F12berlinetta
571, Qiteng M70
572, Chuanqi GA3
573, Chuanqi GA5
574, Chuanqi GS5
575, E-jet
576, e-linker
577, Cabrio-Coupe
578, Trumpchi GA3S horizon
579, GMC3500
580, Yukon
581, Terrain
582, Sierra
583, Acadia
584, GMC CANYON
585, Savana
586, Haval H3
587, Haval H5
588, Haval H6
589, Haval H8
590, Haval π
591, Haval IF
592, Haval H7
593, Haval E
594, Haval H2
595, FOS
596, Haima Prince
597, Haima Me
598, Haima C2
599, Haima C3
600, Baimawangzi
601, Qiangwawangzi
602, Haimaaishang
603, Junyi
604, Zunludabawang
605, Zunluxiaobawang
606, Minyi
607, Saima
608, Zhongyi V5
609, Lubao
610, Aolong
611, Dachaishen
612, Huanghai N1
613, Huanghai Challenger
614, Qisheng F1
615, Qisheng V3
616, Ruitu
617, Xiaochaishen
618, Aojun
619, Tuteng T1
620, Tuteng T3
621, Tuteng T2
622, Haige H5C
623, Longwei
624, Yujun
625, Haige H5V
626, Grand Cherokee SRT
627, Wrangler
628, Compass
629, Cherokee
630, Patriot
631, Free
632, Jeep J12
633, Renegade
634, Grand Cherokee
635, Gaguar F-TYPE
636, Gaguar XJ
637, Gaguar XK
638, Gaguar C-X75
639, Gaguar C-TYPE
640, Gaguar E-TYPE
641, Gaguar C-X17
642, Gaguar XE
643, Gaguar XF
644, Aifei
645, Jiulong A5
646, Jiulong A6
647, Big MPV
648, Seville SLS
649, Cadillac XTS
650, Cadillac CTS
651, Cadillac ATS-L
652, Cadillac ATS
653, Cadillac SRX
654, Escalade
655, Escalade hybrid
656, Cadillac BLS
657, Cadillac ELR
658, Cadillac Ciel
659, Elmiraj
660, Koenigsegg Agera
661, Koenigsegg CCR
662, One_1
663, Koenigsegg CCXR
664, Renault Scenic
665, Wind Lang
666, Koleos
667, Laguna
668, Laguna Gu Bbe
669, Megan Aa
670, Tower Siman
671, Latitude
672, Cleo
673, Reno Wind
674, Reno Captur
675, Reno Frendzy
676, Reno ZOE
677, Reno Twizy
678, Reno Symbol
679, Reno R-Space
680, Reno Twingo
681, Reno Alpine
682, Reno Twin-Run
683, Reno Twin-Z
684, Reno Kwid
685, Scenic
686, Fshion
687, Landwind X8
688, Landwind X5
689, Lincoln MKS
690, Lincoln MKT
691, Lincoln MKX
692, Lincoln MKZ
693, Navigator
694, Lincoln MKC
695, Lorinser M Class
696, Lorinser S Class
697, Lorinser C Class
698, Lorinser G Class
699, Lorinser E Class
700, MINI
701, MINI CLUBMAN
702, MINI COUNTRYMAN
703, MINI COUPE
704, MINI PACEMAN
705, MINI ROADSTER
706, MINI E
707, MINI CLUBVAN
708, MINI BEACHCOMBER
709, MINI VISION
710, MINI Superleggera
711, MINI CABRIO
712, MINI JCW
713, MINI JCW COUNTRYMAN
714, MINI JCW COUPE
715, MINI JCW PACEMAN
716, Morgan Plus 8
717, Morgan 4-4
718, Morgan Aero
719, Oley hatchback
720, Oley sedan
721, Murano
722, X-Trail
723, Teana
724, New Sylphy
725, Sylphy
726, Sunshine
727, Yida
728, Qashqai
729, Livina
730, Tiida
731, Ma Chi
732, Paladin
733, Nissan D22 Pickup
734, Nissan D22 Cargo
735, Nissan NV200
736, Palazzi
737, Bilian
738, Nissan 370Z
739, Nissan GT-R
740, Nissan Juke
741, Patrol 
742, Nissan Cube
743, Nissan NUVU
744, Leaf
745, Pathfinder
746, Versa
747, Resonance
748, Friend-ME
749, Extrem
750, DeltaWing
751, Frontier
752, Hi-Cross
753, Invitation
754, Sentra
755, Terra
756, Titan
757, Nissan NV3500
758, Armada
759, Rogue
760, BladeGlider
761, Sports Sedan
762, Pulsar
763, 2021 Vision Gran Turismo
764, Quest
765, IDX
766, Lannia Concept
767, Navara
768, Altima
769, Fabia
770, Octavia
771, Octavia RS
772, Superb
773, Yeti
774, Haorui
775, Rapid Spaceback
776, Rapid
777, Fabia Scout
778, Yeti abroad version
779, Citigo
780, Mission L
781, Roomster
782, Octavia abroad version
783, Octavia RS abroad version
784, Vision D
785, VisionC
786, CitiJet
787, Superb Derivative
788, Actyon
789, Rexton
790, Rexton W
791, Rodius
792, Kyron
793, Chairman
794, Ssang Yong XIV-2
795, Ssang Yong e-XIV
796, Ssang Yong SIV-1
797, Ssang Yong XIV-1
798, Ssang Yong XIV
799, Korando
800, SAAB 95
801, SAAB 9X
802, MODEL S
803, TESLA Roadster
804, MODEL X
805, WeaLink H3
806, WeaLink V5
807, WeaLink X5
808, i30
809, ix35
810, Avante
811, Sonata
812, Mistra
813, Moinca
814, Santafe
815, Rena
816, Verna
817, Sonata 8
818, Tucson
819, Accent
820, Elantra
821, Elantra Yuedong
822, ix25
823, Sonata hybrid
824, Grand SantaFe
825, Wagon
826, Genesis
827, Rohens
828, Rohens Coupe
829, Veracruz
830, Equus
831, Grandeur
832, i20
833, Tucson abroad vresion
834, i40
835, Hyundai i-oniq
836, i10
837, Hyundai HB20
838, Hyundai HND-9
839, Blue2
840, Curb
841, Hexa Space
842, Nuvis
843, ix20
844, Hyundai RB
845, Sonata abroad version
846, Accent abroad version
847, Elantra abroad version
848, Intrado
849, Veloster
850, ESQ
851, Infiniti Q50
852, Infiniti Q50 hybrid
853, Infiniti Q60
854, Infiniti Q60S
855, Infiniti Q70L
856, Infiniti Q70L hybrid
857, Infiniti QX50
858, Infiniti QX60
859, Infiniti Q60 hybrid
860, Infiniti QX70
861, Infiniti QX80
862, Essence
863, Emerg-E
864, Etherea
865, Infiniti LE
866, Infiniti Q30
867, Infiniti Q40
868, Infiniti G Class
869, Infiniti Q50L
870, Jiangnan TT
871, Zotye 5008
872, Zotye M300
873, Zotye T200
874, Zotye T600
875, Zotye V10
876, Zotye Z100
877, Zotye Z200
878, Zotye Z200HB
879, Zotye Z300
880, Zhidou E20
881, Dokker
882, Duster
883, Logan
884, Sandero
885, Lodgy
886, Ranz
887, Apollo
888, Explosion
889, Tornante
890, CEVENNES
891, HEMERA
892, DB9
893, Rapide
894, V12 Vantage
895, V8 Vantage
896, Vanquish
897, Virage
898, Zagato
899, ONE-77
900, Cygnet
901, Lagonda
902, CC100
903, DB5
904, DBS
905, Junpai D60
906, Weizhi
907, Weizhi V2
908, Weizhi V2 CROSS
909, Weizhi V5
910, Weizi
911, Xiali N5
912, Xiali N7
913, Xiali hatchback
914, Xiali sedan
915, FAW NH2
916, FAW NS2
917, FAW TFC
918, FAW X121
919, Kuncheng
920, Jiabao T50
921, Jiabao T57
922, Jiabao V52
923, Jiabao V55
924, Jiabao V70
925, Jiabao V80
926, Senya M80
927, Senya S80
928, Jiabao T51
929, Zhinuo 1E
930, Vauxhall Antara
931, Vauxhall Adam
932, Vauxhall Cascada
933, Vauxhall Corsa
934, Vauxhall Insignia
935, Vauxhall Meriva
936, Vauxhall Mokka
937, Vauxhall VXR8
938, Vauxhall Astra
939, ABT A3
940, ABT A4
941, ABT A5
942, ABT A8
943, ABT A6
944, ABT Q7
945, ABT TT
946, ABT A7
947, ABT Q3
948, ABT Q5
949, ABT RS 4
950, ABT A1
951, Venom GT
952, Venom F5
953, VelociRaptor
954, Tuatara
955, Ultimate
956, Town
957, Chrysler  200C
958, Chrysler  Sebring
959, Prowler
960, Chrysler 200
961, Chrysler Delta
962, Chrysler Ypsilon
963, Chrysler 700C
964, Chrysler 300C SRT
965, Chrysler 300C
966, Grand Voager
967, Discovery
968, Range Rover
969, Range Rover hybrid
970, Evoque
971, Range Rover Sport
972, Freelander
973, Defender
974, Land Rover DC100
975, ‘Vision
976, Feiling Pickup
977, Feiteng C5
978, Cheetah CS6
979, Cheetah CS7
980, Cheetah Q6
981, Feiteng
982, Aventador
983, Reventon
984, Insecta
985, Estoque
986, Gallardo
987, Urus
988, Veneno
989, Egoista
990, 5-95 Zagato
991, Huracan
992, Ghibli
993, Quattroporte
994, GranCabrio
995, Levante
996, Alfieri
997, Maserati GT
998, MASTER CEO
999, 7 SUV
1000, Luxgen 5 Sedan
1001, You 6 SUV
1002, 7 MPV
1003, Forte
1004, KIA K2 sedan
1005, KIA K3
1006, KIA K3S
1007, KIA K4
1008, KIA K5
1009, RIO
1010, Cerato
1011, Sportage
1012, Soul
1013, Sportage R
1014, KIA K2 hatchback
1015, Borrego
1016, KIA K5 hybrid
1017, KIA VQ
1018, KIA VQ-R
1019, Shuma
1020, Sorento
1021, New Carens
1022, KIA venga
1023, SPORTAGE
1024, KIA GT
1025, KIA Picanto
1026, KIA Ceed
1027, KIA Trackster
1028, KIA K9
1029, KIA Forte
1030, KIA Provo
1031, KIA CUB
1032, KIA Optima
1033, KIA Cross GT
1034, KIA Ray EV
1035, KIA Niro
1036, GT4 Stinger
1037, Sedona
1038, Kaizun
1039, Roewe 350
1040, Roewe 550 hybrid
1041, Roewe 750
1042, Roewe 750 hybrid
1043, Roewe 950
1044, Roewe E50
1045, Roewe W5
1046, Roewe 550
1047, Outback
1048, Legacy
1049, Legacy estate
1050, Forester
1051, Subaru BRZ
1052, Subaru XV
1053, Impreza hatchback
1054, Impreza sedan
1055, Trezia
1056, Viziv
1057, Subaru WRX
1058, LEVORG
1059, Tribeca
1060, Ciimo
1061, MAXUS G10
1062, MAXUS V80xs
1063, Denza
1064, D-MAX
1065, C2 Cross
1066, c-Elysee sedan
1067, Triomphe
1068, Elysee
1069, Quatre Cross
1070, Quatre hatchback
1071, Quatre sedan
1072, Citroen C2
1073, Citroen C4L
1074, Citroen C5
1075, c-Elysee hatchback
1076, C4 Aircross
1077, Citroen C4
1078, Citroen C3
1079, C3 Picasso
1080, C-Zero
1081, Citroen C-Elysee
1082, Technospace
1083, Lacoste
1084, Metropolis
1085, REVOLTe
1086, Survolt
1087, Tubik
1088, Citroen C-Crosser
1089, Citroen GQ
1090, Citroen GT
1091, Cactus
1092, Citroen C1
1093, B14
1094, Grand C4 Picasso
1095, Power Daily
1096, Duling
1097, Turbo Daily
1098, Campagnola
1099, Massif
1100, Xenia
1101, Copen
1102, Mira
1103, PICO
1104, Kopen
1105, MATERIA
1106, Scion tC
1107, Scion iQ
1108, Scion xB
1109, Scion xA
1110, Scion xD
1111, Scion FR-S
1112, BAC Mono
1113, Vulcano
1114, Tramontana
1115, Lieying
1116, Yongyuanwuxing
1117, Yongyuan A380
1118, Zonda
1119, Huayra
1120, HORKI-1
1121, La Joya
1122, X-BOW
1123, Sagaris
1124, Tuscan
1125, Toyota RAV4
1126, Crown
1127, Corolla
1128, Coaster
1129, Lcruiser
1130, Prado
1131, Prius
1132, Reiz
1133, Vios
1134, Huaguan
1135, FJ Cruiser
1136, Venza
1137, Alphard
1138, Toyota 4 Rinner
1139, Toyota 86
1140, Sequoia
1141, Zelas
1142, Coaster abroad version
1143, Previa
1144, Saina
1145, Toyota IQ
1146, Toyota Aygo
1147, Avensis
1148, Toyota Verso
1149, Toyota MR2
1150, Toyota FT-HS
1151, Undra
1152, Toyota Auris
1153, WISH
1154, Toyota FT-86
1155, Highlander abroad version
1156, Toyota Fun-Vii
1157, Toyota Hilux
1158, Toyota i-Road
1159, Toyota Tacoma
1160, Toyota FCV-R
1161, Toyota FT-CH
1162, Toyota Hi-CT
1163, Toyota NS4
1164, 丰田Avalon
1165, Toyota FT-1
1166, Toyota Matrix
1167, Toyota Urban Cruiser
1168, Toyota 1X
1169, Toyota FT-Bh
1170, Toyota FT-EV
1171, Toyota ME.WE
1172, Toyota RiN
1173, Yuejia
1174, Toyota FCV
1175, YARiS L
1176, Camry
1177, Camry hybrid
1178, Levin
1179, Yaris
1180, EZ
1181, EZ Crossover
1182, Highlander
1183, Fengjing
1184, Fengjing G7
1185, Fengjing Kuaiyun
1186, Mengpaike E
1187, Mengpaike S
1188, Midi
1189, Fukuda
1190, Tunland
1191, Tansuozhe
1192, Tansuozhe III
1193, Xiaochaoren
1194, Xiongshi
1195, Xiongshi F16
1196, Tansuozhe II
1197, Qoros 3
1198, Quros 9
1199, Quros 3 hatchback
1200, E Mei
1201, GX6
1202, Saboo G3
1203, Saboo G5
1204, Saboo GX5
1205, Caiyun 100
1206, Caiyun 300
1207, Caiyun 500
1208, Shuaibao
1209, Shuaijian
1210, Xinglang
1211, Xingwang
1212, Xingwang CL
1213, Xingwang L
1214, Xingwang M1
1215, GP150
1216, Galue
1217, Orochi
1218, Himiko
1219, Fumeilai
1220, Fumeilai VS
1221, Haifuxing
1222, Haima 3
1223, Haima M3
1224, Haima M8
1225, Haima S5
1226, Haima S7
1227, Haimaqishi
1228, Haydo
1229, Premacy
1230, Qiubite
1231, Haima M6
1232, Family M5
1233, Baolige
1234, Lusheng E70
1235, Shengdafei
1236, Tekala
1237, Xinshengdafei
1238, Huatai B11
1239, Hong Qi H7
1240, Hong Qi L5
1241, Hong Qi SUV
1242, Haijing
1243, Haiyue
1244, Yisitanna
1245, Geely GC7
1246, Geely GX2
1247, Geely GX7
1248, Geely SC3
1249, Geely SC5-RV
1250, Geely SC6
1251, Geely SC7
1252, Geely SX7
1253, Geely TX4
1254, King Kong CROSS
1255, King Kong hatchback
1256, King Kong sedan
1257, Jinying
1258, Jinying CROSS
1259, Classic Imperial hatchback
1260, Classic Imperial sedan
1261, Imperial hatchback
1262, Imperial sedan
1263, Panda
1264, Panda CROSS
1265, Vision
1266, Chinese Dragon
1267, Ziyoujian
1268, Geely EV8
1269, Geely EX9
1270, Geely GT
1271, Geely GE
1272, Geely EK-2
1273, Geely IG
1274, Geely EC6-RV
1275, Geely SC7-RV
1276, Geely KC
1277, Geely GX6
1278, Geely GC9
1279, Geely Cross
1280, Geely EC8
1281, Geely GX5
1282, Geely EV7
1283, Geely GS
1284, Geely SX6
1285, Binyue
1286, Heyue A30
1287, Heyue RS
1288, Heyue iEV
1289, Ruifeng
1290, Ruifeng M3
1291, Ruifeng M5
1292, Ruifeng S3
1293, Ruifeng S5
1294, Ruiling
1295, Ruiying
1296, Tongyue
1297, Tongyue Cross
1298, Tongyue RS
1299, Xingrui
1300, Yueyue
1301, Yueyue CROSS
1302, Heyue SC
1303, Heyue A20
1304, Ruifeng M6
1305, Vision IV
1306, Ruifeng A6
1307, Heyue
1308, Baodian
1309, Kairui
1310, Kaiwei
1311, New Yusheng S350
1312, Yuhu
1313, Yuesheng S350
1314, Jinlvhaishi
1315, Dahaishi
1316, Geruisi
1317, Haishi
1318, Haixing
1319, Jinbei S50
1320, Jindian
1321, Leilong
1322, New Haishi
1323, Zhishang S30
1324, Dalishen
1325, Lexus CT
1326, Lexus ES hybrid
1327, Lexus GS
1328, Lexus GS hybrid
1329, Lexus GX
1330, Lexus IS
1331, Lexus IS convertible 
1332, Lexus LF-A
1333, Lexus LS
1334, Lexus LS hybrid
1335, Lexus LX
1336, Lexus RC
1337, Lexus RX
1338, Lexus RX hybrid
1339, Lexus LF-Xh
1340, Lexus HS
1341, Lexus LF-LC
1342, Lexus LF-CC
1343, Lexus LF-Gh
1344, Lexus LF-NX
1345, Lexus NX
1346, Lexus ES
1347, Fengshun
1348, Lifan 330
1349, Lifan 520
1350, Lifan 521i
1351, Lifan 530
1352, Lifan 620
1353, Lifan 630
1354, Lifan 720
1355, Lifan X50
1356, Lifan X60
1357, Xingshun
1358, Lifan 320
1359, Jingyue
1360, Lotus L3 hatchback
1361, Lotus L5
1362, Lotus L3 sedan
1363, Ghost
1364, Wraith
1365, Phantom
1366, Atenza
1367, Mazda 8
1368, Mazda CX7
1369, Ruiyi
1370, Ruiyi coupe
1371, Mazda 6
1372, ATENZA
1373, Mazda CX-9
1374, Mazda MX-5
1375, Mazda 3 abroad version
1376, Mazda RX-8
1377, Takeri
1378, Mazda 7 Wagon
1379, Shinari
1380, Hazumi
1381, Mazda 5
1382, Axela hatchback
1383, Mazda 2
1384, Mazda 2 sedan
1385, Mazda 3
1386, Mazda 3 Xingcheng hatchback
1387, Mazda 3 Xingcheng sedan
1388, Mazda CX-5
1389, Axela sedan
1390, Maybach
1391, Acura ILX
1392, Acura MDX
1393, Acura RDX
1394, Acura RL
1395, Acura RLX
1396, Acura TL
1397, Acura ZDX
1398, Acura NSX
1399, Acura SUV-X
1400, Acura TLX
1401, Acura ILX hybrid
1402, Eastar
1403, Eastar Cross
1404, Fulwin 2 hatchback
1405, Fulwin 2 sedan
1406, Chrey A1
1407, Chrey A3 hatchback
1408, Chrey A3 sedan
1409, Chrey A5
1410, Chrey E3
1411, Chrey E5
1412, Chrey QQ
1413, Chrey QQ3
1414, Chrey QQme
1415, Chrey X1
1416, Chrey Aika
1417, Cowin 1
1418, Cowin 2
1419, Cowin 3
1420, Cowin 5
1421, Tiggo
1422, Tiggo 3
1423, Tiggo 5
1424, Chrey M14
1425, Chrey @ANT
1426, Chrey TX
1427, Arrizo 7
1428, Riich G3
1429, Riich G6
1430, Riich M1
1431, Riich M5
1432, Ruiqi G5
1433, smart fortwo
1434, smart for-us
1435, smart forjeremy
1436, smart forstars
1437, smart forfour
1438, smart fortwo electric
1439, Shuanghuan SCEO
1440, Nobel
1441, Fujia
1442, Volvo C30
1443, Volvo S60
1444, Volvo V40
1445, Volvo V40 CrossCountry
1446, Volvo V60
1447, Volvo XC60
1448, Volvo XC90 abroad version
1449, Volvo S80
1450, Volvo V50
1451, Volvo V70
1452, Volvo XC70
1453, Universe
1454, Volvo You
1455, Air Motion
1456, Volvo Coupe
1457, Volvo XC Coupe
1458, ESTATE
1459, Volvo C70
1460, Volvo S40
1461, Volvo S80L
1462, Volvo S60L
1463, Volvo XC Classic
1464, Volvo S60L hybrid
1465, Wiesmann Roadster
1466, Wiesmann Spyder
1467, Wiesmann GT
1468, Alhambra
1469, Seat IBL
1470, Seat LEON
1471, Ibiza
1472, Ibiza estate
1473, Seat ALTEA
1474, Seat EXEO
1475, Seat IBX
1476, Seat Mii
1477, Seat IBE
1478, Mustang F16
1479, Mustang F99
1480, Mustang A-MPV
1481, Mustang T70
1482, Mustang M31D
1483, Mustang M302
1484, Mustang F12
1485, MiTo
1486,159
1487, Giulietta
1488, 4C
1489, 2uettottanta
1490, TZ3
1491, Disco Volante
1492, Gloria
1493, 8C
1494, Zenvo ST1
1495, Knight XV
1496,  Hector
1497, Enranger G3
1498, AC Schnitzer 1 Class
1499, AC Schnitzer 5 Class
1500, AC Schnitzer 6 Class
1501, AC Schnitzer 7 Class
1502, AC Schnitzer MINI
1503, AC Schnitzer X1
1504, AC Schnitzer X3
1505, AC Schnitzer X5
1506, AC Schnitzer X6
1507, AC Schnitzer 3 Class
1508, Atlantic
1509, Surf
1510, Latigo
1511, Tramonto
1512, Karma
1513, Lancia Flavia
1514, Lancia Thema
1515, Lancia Voyager
1516, Lancia Ypsilon
1517, Lancia Delta
1518, Lancia Stratos
1519, Youjin
1520, Youya
1521, Youyou
1522, Youpai
1523, Yousheng
1524, Alto
1525, Cultus
1526, Alivio
1527, Tianyu SX4 hatchback
1528, Tianyu SX4 sedan
1529, Tianyushangyue
1530, Yuyan
1531, Fengyu
1532, Grand Vitara
1533, Kazishi
1534, Swift
1535, S-CROSS abroad version
1536, SX4 S-CROSS
1537, Regina
1538, Authentics
1539, Suzuki iV-4
1540, Crosshiker
1541, X-Lander
1542, Jimny
1543, Bei Douxing
1544, Liana A6 hatchback
1545, Liana A6 sedan
1546, Liana hatchback
1547, Liana sedan
1548, Splash
1549, Landy
1550, Linian S1
1551, Elise
1552, Exige
1553, Elan
1554, Elite
1555, Eterne
1556, Evora
1557, MG3 SW
1558, MG3 Xross
1559, MG5
1560, MG6 sedan
1561, MG6 hatchback
1562, MG7
1563, Icon
1564, MG CS
1565, MG3
1566, McLaren 12C
1567, McLaren P1
1568, McLaren X-1
1569, McLaren 650S
1570, Antara
1571, Zafira
1572, GTC convertible
1573, GTC hatchback
1574, GTC sedan
1575, Insignia
1576, Opel AMPERA
1577, Opel CORSA
1578, Opel Adam
1579, Opel Cascada
1580, Opel Combo
1581, Opel Mokka
1582, Opel Monza
1583, Meriva
1584, Chenfeng
1585, Venucia R30
1586, Venucia R50
1587, Venucia R50X
1588, Venucia ViWa
1589, Venucia D50
1590, ASX
1591, Pajero Sport
1592, Pajero
1593, Grandis
1594, Eclipse
1595, Evo
1596, Mitsubishi i
1597, Mitsubishi Colt
1598, ASX abroad version
1599, Global Small
1600, Mirage
1601, Mitsubishi G4
1602, Endeavor
1603, Mitsubishi CA-MiEV
1604, Mitsubishi GR-HEV
1605, Mitsubishi PX-MiEV
1606, Mitsubishi XR-PHEV
1607, eK Space
1608, Outlander abroad version
1609, Mitsubishi Fortis
1610, Mitsubishi Zinger
1611, Mitsubishi Lancer
1612, Mitsubishi Lancer EX
1613, Mitsubishi Galant
1614, SAAB D50
1615, SAAB D70
1616, SAAB D60
1617, Spyker C8
1618, Spyker C12
1619, Spyker B6
1620, Spirra
1621, Wulinghongguang
1622, Wulingzhiguang
1623, Xingwang
1624, Xiaoxuanfeng
1625, Wulingrongguang
1626, AVEO hatchback
1627, Trax
1628, Epica
1629, Cruze sedan
1630, Cruze hatchback
1631, Captiva
1632, Aveo
1633, Lova
1634, Malibu
1635, Sail hatchback
1636, Sail sedan
1637, Sail SPRINGO
1638, Aveo sedan
1639, Volt
1640, Spark
1641, CHEVY Traverse
1642, CHEVY Beat
1643, CHEVY Orlando
1644, Sonic
1645, Cruze abroad version
1646, CHEVY Trax
1647, Corvette
1648, Silverado
1649, CHEVY SS
1650, Agile
1651, Caprice
1652, Colorado
1653, Equinox
1654, Impala
1655, TrailBlazer
1656, Cobalt
1657, CHEVY Code
1658, CHEVY Miray
1659, CHEVY Onix
1660, CHEVY Tahoe
1661, CHEVY Tru
1662, Express
1663, Suburban
1664, City Express
1665, Camaro
1666, Kaisheng 2
1667, Zhonghua H220
1668, Zhonghua H320
1669, Zhonghua H330
1670, Zhonghua H530
1671, Zhonghua V5
1672, Zhonghua Junjie
1673, Zhonghua Junjie CROSS
1674, Zhonghua Junjie FRV
1675, Zhonghua Junjie FSV
1676, Zhonghua Junjie Wagon
1677, Zhonghua Zunchi
1678, Zhonghua H230
1679, Brabus S Class
1680, Brabus GL Class
1681, Brabus M Class
1682, Brabus smart fortwo
1683, Brabus CLS Class
1684, Brabus A Class
1685, Brabus B Class
1686, Brabus CL Class
1687, Brabus G Class
1688, Brabus SLK Class
1689, Brabus SLS Class
1690, Brabus SL Class
1691, Brabus E Class
1692, Evantra
1693, MELKUS RS2000
1694, Changling
1695, Grandtiger F1
1696, Grandtiger G3
1697, Grandtiger TUV
1698, Grandtiger abroad version
1699, Quick
1700, Quick V5
1701, Quick V7
1702, Zxauto C3
1703, GreenWheel
1704, Grandtiger SUV
1705, Qijian A9
1706, Carlsson C
1707, CarlssonCS
1708, CarlssonCK
1709, CarlssonCML
1710, CarlssonCGL
1711, Shouwang
1712, Noble M600
1713, Noble M14
1714, Noble M15
1715, Noble M12
